path,present,sha256
app/routes/workspaces.py,True,0f9184f133327df0f2de19b82bc9835c423004ac16ac968a4d0bd5e9cb55bbea
app/models/graph.py,True,d28e4b0cdb7eb611a11a6fb9a0fe313de71fabfc9d0d11c60e482a4231997c01
app/models/__init__.py,True,13765ea462c2a54ed2536e2f15ebd19cb5a3ae3ba9e7073d200f1c8496ab70a0
app/utils/graph_export.py,True,41c42abd9a4c13d853c40ef492c13abcc0e641d0b1091bdfee0c8a19fd2b9235
app/utils/turbo_quality.py,True,4822026ba5158821b94ed3709a76de40a27961bf905f7ca99fa55cc4fdecb7f9
app/utils/__init__.py,True,e101aef8348f9cfe3de84a07371305a87e7c3fddde50b797a147aee4945354fe
app/utils/telemetry_export.py,True,6727c36a79f749cca8dec7b32213b434395e682e56bc1a8a9044392ddd215dc5
app/utils/bench.py,True,00a7d53083e702f026a227eeb04f097206453153022ad08408dbb149337f02a5
app/utils/learning.py,True,ccc7bc7d9fd0c69070ad25eaa6daa92587374a8679c29fcf9ad90219897ad3ca
app/utils/validation.py,True,519e35ad8735cd3b52ed7ded1bd8e92d3181f107ed56f5bbd54d27fe4e7e289f
app/utils/perf.py,True,d925148aae6818f963e3f18d2613fce52879453b0488dd162c7bf74f6f89be78
app/utils/provider_health.py,True,b6c7e0717e0b95bc8a7a817550173fc3a0052917273cd268c5031a8d9d8ff21b
